ID,Name,Age,Grade
101,Alice,20,A
102,Bob,21,B
103,Charlie,19,A
104,David,22,C
105,Eve,20,B
106,Frank,23,A
107,Grace,21,B
108,Hannah,19,C
109,Ian,22,A
110,Jack,20,B
111,Karen,21,C
112,Leo,19,A
113,Mia,22,B
114,Noah,20,C
115,Olivia,23,A
116,Paul,21,B
117,Quinn,19,C
118,Rachel,22,A
119,Sam,20,B
120,Tina,21,C
121,Umar,19,A
122,Vera,22,B
123,Will,20,C
124,Xander,23,A
125,Yasmin,21,B
126,Zack,19,C
127,Adam,22,A
128,Beth,20,B
129,Carl,21,C
130,Diana,19,A
131,Edward,22,B
132,Fiona,20,C
133,George,23,A
134,Hailey,21,B
135,Isaac,19,C
136,Jessica,22,A
137,Kevin,20,B
138,Lily,21,C
139,Mark,19,A
140,Nina,22,B
141,Oscar,20,C
142,Penny,23,A
143,Robert,21,B
144,Sophia,19,C
145,Tom,22,A
146,Ursula,20,B
147,Vincent,21,C
148,Wendy,19,A
149,Xavier,22,B
150,Yvonne,20,C